{"identifier":"default3","minVersion":"1.0.0","processors":[{"name":"colorMatrixTransform","parameters":{"operations":[{"operation":"saturation","value":0.25}]}},{"name":"vignette","parameters":{"color":{"a":255,"r":0,"g":0,"b":0},"shape":{"scaling":"stretch","shapeMode":"sharp","vignetteScale":0.8},"blendMode":"overlay"}},{"name":"blendWithColor","parameters":{"color":{"a":255,"r":78,"g":44,"b":11},"blendMode":"overlay","alpha":0.54}},{"name":"gamma","parameters":{"value":0.56}},{"name":"contrast","parameters":{"value":1.82}}]}